{"0": {"precision": 0.9850894632206759, "recall": 0.991, "f1-score": 0.9880358923230309, "support": 1000.0}, "1": {"precision": 0.9907597535934292, "recall": 0.9846938775510204, "f1-score": 0.9877175025588536, "support": 980.0}, "accuracy": 0.9878787878787879, "macro avg": {"precision": 0.9879246084070525, "recall": 0.9878469387755102, "f1-score": 0.9878766974409423, "support": 1980.0}, "weighted avg": {"precision": 0.9878959705768872, "recall": 0.9878787878787879, "f1-score": 0.9878783054700543, "support": 1980.0}}